compound,SMILES,Sequence,Library,HBA,HBD,RB,LOGP,TPSA,MW
1,C[C@H](N)C(=O)N[C@@H](C)C(=O)O,AA,linear,3,3,3,-1.0770999999999988,92.41999999999999,160.17299999999997
2,C[C@H](N)C(=O)N[C@@H](CS)C(=O)O,AC,linear,4,4,4,-1.1671999999999991,92.41999999999999,192.23999999999998
3,C[C@H](N)C(=O)N[C@@H](CC(=O)O)C(O)O,AD,linear,5,5,5,-2.3961999999999977,132.88,206.19799999999995
4,C[C@H](N)C(=O)N[C@@H](CCC(=O)O)C(O)O,AE,linear,5,5,6,-2.0060999999999973,132.88,220.22499999999994
5,C[C@H](N)C(=O)N[C@@H](Cc1ccccc1)C(=O)O,AF,linear,3,3,5,0.14569999999999966,92.41999999999999,236.271
6,C[C@H](N)C(=O)N[C@@H](Cc1cnc[nH]1)C(=O)O,AH,linear,4,4,5,-1.1311999999999987,121.1,226.236
