compound,SMILES,Sequence,Library,HBA,HBD,RB,LOGP,TPSA,MW
1,C[C@H](N)C(=O)N[C@@H](C)C(=O)N[C@@H](C)C(=O)O,AAA,linear,4,4,5,-1.572399999999997,121.51999999999998,231.25199999999998
2,C[C@H](N)C(=O)N[C@@H](CS)C(=O)N[C@@H](C)C(=O)O,ACA,linear,5,5,6,-1.662499999999998,121.51999999999998,263.319
3,C[C@H](N)C(=O)N[C@@H](CC(=O)N[C@@H](C)C(=O)O)C(O)O,ADA,linear,6,6,7,-2.8914999999999953,161.98,277.277
4,C[C@H](N)C(=O)N[C@@H](C)C(=O)N[C@@H](CS)C(=O)O,AAC,linear,5,5,6,-1.662499999999998,121.51999999999998,263.319
5,C[C@H](N)C(=O)N[C@@H](CS)C(=O)N[C@@H](CS)C(=O)O,ACC,linear,6,6,7,-1.7525999999999984,121.51999999999998,295.3860000000001
6,C[C@H](N)C(=O)N[C@@H](CC(=O)N[C@@H](CS)C(=O)O)C(O)O,ADC,linear,7,7,8,-2.9815999999999954,161.98,309.34400000000005
7,C[C@H](N)C(=O)N[C@@H](C)C(=O)N[C@@H](CC(=O)O)C(O)O,AAD,linear,6,6,7,-2.8914999999999953,161.98,277.27700000000004
8,C[C@H](N)C(=O)N[C@@H](CS)C(=O)N[C@@H](CC(=O)O)C(O)O,ACD,linear,7,7,8,-2.981599999999996,161.98,309.34400000000005
9,C[C@H](N)C(=O)N[C@@H](CC(=O)N[C@@H](CC(=O)O)C(O)O)C(O)O,ADD,linear,8,8,9,-4.210599999999993,202.43999999999997,323.3020000000001
10,C[C@@H]1NC(=O)[C@H](C)NC(=O)[C@H](C)NC1=O,AAA,cyclic,3,3,0,-1.485899999999999,87.29999999999998,213.23699999999997
11,C[C@@H]1NC(=O)[C@H](C)NC(=O)[C@H](CS)NC1=O,ACA,cyclic,4,4,1,-1.5759999999999992,87.29999999999998,245.304
12,C[C@@H]1NC(=O)C[C@@H](C(O)O)NC(=O)[C@H](C)NC1=O,ADA,cyclic,5,5,1,-2.804999999999996,127.75999999999999,259.262
13,C[C@@H]1NC(=O)[C@H](C)NC(=O)[C@H](CS)NC1=O,AAC,cyclic,4,4,1,-1.5759999999999992,87.29999999999998,245.30399999999997
14,C[C@@H]1NC(=O)[C@H](CS)NC(=O)[C@H](CS)NC1=O,ACC,cyclic,5,5,2,-1.6660999999999997,87.29999999999998,277.37100000000004
15,C[C@@H]1NC(=O)[C@H](CS)NC(=O)C[C@@H](C(O)O)NC1=O,ADC,cyclic,6,6,2,-2.895099999999997,127.75999999999999,291.32900000000006
16,C[C@@H]1NC(=O)C[C@@H](C(O)O)NC(=O)[C@H](C)NC1=O,AAD,cyclic,5,5,1,-2.804999999999996,127.75999999999999,259.262
17,C[C@@H]1NC(=O)C[C@@H](C(O)O)NC(=O)[C@H](CS)NC1=O,ACD,cyclic,6,6,2,-2.8950999999999976,127.75999999999999,291.32900000000006
18,C[C@@H]1NC(=O)C[C@@H](C(O)O)NC(=O)C[C@@H](C(O)O)NC1=O,ADD,cyclic,7,7,2,-4.124099999999994,168.22,305.2870000000001
